Title,Channel,Duration,Views
Discraft Disc Golf Clinic: Throwing Basics,Discraft Disc Golf,12:38,1.3M views
Discraft Disc Golf Clinic: Distance Driving Techniques,Discraft Disc Golf,6:26,1.2M views
Discraft Disc Golf Clinic: More Distance Now,Discraft Disc Golf,13:04,1M views
Putt BETTER after this Video | Disc Golf Basics,Latitude 64,7:31,844K views
Discraft Disc Golf Clinic: Forehand Drives,Discraft Disc Golf,11:24,697K views
Simon lizotte Eagle McMahon Clinic tips and tricks,Joey Hitch,13:50,651K views
Discraft Disc Golf Clinic: Long Distance Drives,Discraft Disc Golf,9:06,578K views
Discraft Disc Golf Clinic: Distance with Dion,Discraft Disc Golf,8:11,568K views
Backhand Form Basics - Beginner's Guide to Disc Golf,Foundation Disc Golf,12:56,552K views
Jeremy Koling Huge Disc Golf Drive at the Japan Open! 🥏💪,Disc Golf United,SHORTS,596K views
Discraft Disc Golf Clinic: Putting Basics,Discraft Disc Golf,6:34,498K views
Discraft Disc Golf Clinic: Making Long Putts,Discraft Disc Golf,12:02,448K views
Nate Sexton Disc Golf Clinic - Sidearm,Infinite Discs,8:02,437K views
2 TIPS TO THROW FLAT IN DISC GOLF w/ PHILO BRATHWAITE,DiscGolfCoaches,15:20,436K views
EAGLE MCMAHON'S SIDEARM CLINIC + FORM BREAKDOWN,Eagle McMahon,23:17,436K views
Will Schusterick Driving Clinic By Infinite Discs,Infinite Discs,24:54,418K views
Disc Golf Pro Tip: Paul McBeth Forehand,Innova Discs,1:01,414K views
The 5 best UPSHOT TIPS from Paul McBeth (5x World Champion) | Disc Golf Tutorial,JomezPro,5:36,411K views
Discraft Disc Golf Clinic: The Fastest Way To Improve,Discraft Disc Golf,12:19,405K views
HOW TO CONTROL YOUR ANGLES,Simon Lizotte,11:36,332K views
Ricky Wysocki's 5 beginner Swing Tips for your backhand!,DynamicDiscs,5:35,325K views
6 EASY Putting Tips from Simon Lizotte | Disc Golf Tutorial,JomezPro,5:01,314K views
Ricky Wysocki's 5 tips to get better at putting! | Disc Golf Beginner's Guide,DynamicDiscs,6:21,311K views
DISC GOLF CLINIC: THE FUNDAMENTALS OF BACKHAND / FOREHAND / PUTTING,Gatekeeper Media,1:00:28,310K views
"Paul Ulibarri Disc Golf Clinic 2017 - Grip, Angle, and Follow Through (Pt.1)",Infinite Discs,22:31,270K views
Disc Golf Side Arm Driving Technique Clinic by Ricky Wysocki,Infinite Discs,15:39,265K views
Discraft Disc Golf Clinic: Approach Basics,Discraft Disc Golf,9:27,262K views
"Nate Sexton and Sarah Hokom Driving Clinic in Pittsburgh, PA - How to improve your form",Disc Golf Examiner,28:19,246K views
Discraft Disc Golf Clinic: 5 Tips to Save 5 Strokes,Discraft Disc Golf,5:05,246K views
Ricky Wysocki & Paige Pierce Putting Clinic Pt 1,DynamicDiscs,10:00,242K views
Discraft Disc Golf Clinic: Overhead Shot Techniques,Discraft Disc Golf,9:57,226K views
Discraft Disc Golf Clinic: The Anhyzer Shot,Discraft Disc Golf,6:22,212K views
Disc Golf Approach Shot Tips by Paul Ulibarri,Infinite Discs,9:51,203K views
Eric Oakley Disc Golf Clinic | Backhand Throw,DynamicDiscs,5:18,199K views
"HOW TO IMPROVE YOUR PUTTING - Philo Brathwaite Putting Clinic in Pittsburgh, PA",Disc Golf Examiner,39:13,184K views
Putt BETTER with these 5 tips (with Kristin Tattar),Latitude 64,6:49,172K views
Discraft Disc Golf World Champ Nate Doss Throws and Talks Gear,Discraft Disc Golf,12:07,161K views
How To Add More Distance Now To Your Disc Golf Drive | Discraft Level Up,Discraft Disc Golf,11:18,153K views
Disc Golf putting clinic by David Feldberg (2011),Chris Davies,49:05,152K views
MCBETH DISC GOLF TRAINING CAMP,Paul McBeth,14:03,141K views
Discraft Disc Golf Clinic: Grip Tips,Discraft Disc Golf,3:17,140K views
Disc Golf - Ricky Wysocki - Driving Clinic - 6-18-2015,Steven Cain (Cain Productions),16:55,132K views
The Correct Grip When Throwing Backhand,Scott Stokely,5:32,122K views
HOW TO PUTT BETTER IN DISC GOLF - 5 STEPS TO FIND YOUR PERFECT STYLE,DiscGolfCoaches,10:41,121K views
Discraft Disc Golf Clinic: Turbo Putts,Discraft Disc Golf,4:41,121K views
Three Secrets to stop throwing nose-up!,DynamicDiscs,3:45,117K views
Disc Golf Putting Nikko Locastro,RevOle7,11:53,112K views
Disc Golf - Ricky Wysocki - Putting Clinic 6-18-2015,Steven Cain (Cain Productions),11:55,108K views
"HOW TO ""PROPERLY"" THROW A 360º DRIVE!! (maximum distance)",Simon Lizotte,20:58,105K views
Discraft Disc Golf Clinic: Choosing Your 1st Discs,Discraft Disc Golf,9:59,102K views
Discraft Disc Golf Clinic: Putting Confidence Program,Discraft Disc Golf,21:00,101K views
Discraft Disc Golf Clinic: Getting Out Of Trouble,Discraft Disc Golf,9:01,98K views
Disc Golf - Scott Stokely Driving Clinic - Forehand - 07-18-2015,Steven Cain (Cain Productions),20:22,95K views
Simon Lizotte's Max Distance clinic,The SpinTV,4:07,95K views
"David Feldberg Putting Clinic @ NZDG Nationals, February 2015",Chris Davies,30:16,94K views
Dave Feldberg Disc Golf Clinic - Biomechanics,Chris Rucker,31:13,91K views
My Favorite and Most Effective Disc Golf Putting Tip,Scott Stokely,6:26,92K views
How to throw a disc for a beginner! | 1 on 1 disc golf lessons with Danny Lindahl Ep. 1,DynamicDiscs,14:12,91K views
Backhand Roller Clinic By Eagle McMahon,Throw Colorado,5:57,85K views
Dave Feldberg Disc Golf Clinic 2017 - Improve Your Game & Driving Tips -,Infinite Discs,37:43,81K views
Will Schusterick Driving Clinic at Wheatland DGC,Will Schusterick,1:04:31,81K views
Disc Golf - Scott Stokely Putting Clinic - 07-18-2015,Steven Cain (Cain Productions),17:48,76K views
Ricky Wysocki & Paige Pierce Putting Clinic Pt 3,DynamicDiscs,5:46,71K views
Discraft Disc Golf Clinic: Better Putting Practice,Discraft Disc Golf,8:43,70K views
Ricky Wysocki Disc Golf Tips (Utah Open) - Part 3 - Driving,Infinite Discs,9:40,70K views
How To Putt In Disc Golf (With Gannon Buhr) #discgolf #tutorial #sports,Gannon Buhr,8:31,70K views
Disc Golf Putt Clinic with Cameron Todd and Dave Feldberg,theboronews,10:59,66K views
The Ultimate Disc Golf Show/ FGCU Clinic,UDGS,4:02,66K views
Eric Oakley Disc Golf Clinic | Putting,DynamicDiscs,6:06,65K views
Disc Golf Monthly 94- The Pro Player Clinic at the 2011 BHMO,DiscGolfMonthlyTV,30:48,64K views
Pro disc golfer Paul Ulibarri Shows You How To Practice Strategically,Paul Ulibarri,22:22,62K views
Disc Golf World Champ Eric McCabe: In The Bag,Discraft Disc Golf,4:53,60K views
"Simon Lizotte Disc Golf School, Part 2 - Basic Disc Golf Throwing Techniques",DiscmaniaGolfDiscs,8:06,60K views
DGM 95- The Pro Player Clinic at the 2011 PDFO,DiscGolfMonthlyTV,47:46,59K views
This boy ranks among top disc golf players in the world,69News WFMZ-TV,2:00,57K views
The Ultimate Disc Golf Show/ FGCU Clinic/ The Putt,UDGS,9:18,56K views
How to FOREHAND in Disc Golf | The Biggest MISTAKES to Avoid!,JustDisc,5:31,58K views
Will Schusterick Clinic Pt.3 - Reach Back & Run Up (Utah Open 2018),Infinite Discs,10:04,56K views
Ken Climo Disc Golf Clinic - Mindset & Putting,Chris Rucker,57:37,55K views
Ricky Wysocki 2017 Disc Golf Clinic - Q&A Pt. 1 - Putting & Grip,Infinite Discs,12:39,55K views
Eric Oakley Disc Golf Clinic | Sidearm Throw,DynamicDiscs,5:19,54K views
Paul bagged how many roc 3?!??! #discgolf  #shorts,IceBerg TV,SHORTS,59K views
Practice like a Pro: Disc Golf Approach Routine,The SpinTV,4:27,51K views
"Disc Golf Drive Clinic with Jay ""Yeti"" Reading at Disc Nation",Disc Nation,12:22,51K views
Caroline Henderson Talks About Her Forehand Throw | Disc Golf Technique,Caroline Henderson,9:57,51K views
Physics of Flight 4.03 Putting | Disc Golf Instructional Series,DynamicDiscs,23:28,49K views
Simon Lizotte's Clinical Backhand,JustDisc,SHORTS,49K views
Discmania Deep in the Game trailer - A series of instructional Disc Golf videos,DiscmaniaGolfDiscs,1:12,47K views
Philo Putting Clinic,Central Coast Disc Golf,13:16,41K views
"PAIGE PIERCE lessons and tips at USDGC Day 3, 2019",Disc Golf Kid,5:59,41K views
Discraft Disc Golf Clinic: Shot Selection,Discraft Disc Golf,10:29,39K views
Avery Jenkins Disc Golf Clinic - Driving Distance & Distance Showcase,Chris Rucker,26:35,37K views
Discraft Disc Golf Clinic: Straddle Putts,Discraft Disc Golf,4:50,36K views
Best way to have a better forehand in disc golf!,Gannon Buhr Archive,4:16,35K views
I Got A Professional Disc Golf Putting Lesson and it Fixed Me! (I hope),Trevor Staub Disc Golf,29:20,32K views
Ricky Wysocki Disc Golf Tips (Utah Open) - Part 2 - Upshots,Infinite Discs,8:05,32K views
The Disc Golf Guy - Vlog #269 - Paige Pierce Disc Golf Putting Pro Tips,thediscgolfguy,6:23,32K views
Disc Golf Pro-Distance Workshop Part One,Dinos and Disc Golf,10:06,30K views
Will Schusterick Clinic Pt.1 - Grip & Angle (Utah Open 2018),Infinite Discs,10:27,29K views
Discraft Disc Golf Clinic: Win B4 U Begin,Discraft Disc Golf,5:57,28K views
Ricky Wysocki 2017 Disc Golf Clinic - Q&A Pt. 3 - Sidearm Tips,Infinite Discs,10:34,27K views
Learning Disc Golf Backhand in 10 Minutes (Do THIS),Seekr Disc Golf,9:22,26K views
The Ultimate Disc Golf Show/ FGCU Clinic/ Approach,UDGS,2:55,25K views
Disc Golf Pro Clinic - Long Distance Driving w/ Chris Brophy,Perfecting Me,9:25,25K views
Will Schusterick Clinic Pt.4 - Follow Through (Utah Open 2018),Infinite Discs,5:26,23K views
Overhand (Thumber) Clinic with Prodigy's Evan Bennett,Prodigy Disc,11:16,23K views
Avery Jenkins & Eagle Mcmahon disc golf driving clinic,Michael,32:10,23K views
Eric Oakley Disc Golf Clinic | Grip,DynamicDiscs,3:09,22K views
The Ultimate Disc Golf Putting Guide with Robbie C! | How To Putt in Disc Golf,Overthrow Disc Golf,47:50,22K views
Will Schusterick Clinic Pt.2 - Stance & Lining Up (Utah Open 2018),Infinite Discs,11:54,22K views
Distance Drives Part 2 - an instructional disc golf video,Louisvillediscgolf1,6:48,22K views
Philo Brathwaite Disc Golf Clinic (Full version) - Örebro Sweden 14/7-2021,Tommy Ljung,1:27:30,20K views
Instantly Become a Better Putter!! Beginner Disc Golf Putting Tips!!,Robbie C Discgolf,24:23,20K views
"Scott Stokely Pro Driving Clinic - Kingsport,  TN",Baysinger's Disc Golf Channel,38:45,20K views
Nate Perkins and James Conrad Disc Golf Clinic.,Willimiehen Disc Golf ry,1:08:56,20K views
Last Day at Bowling Green and Ricky Disc Golf Putting Clinic,DynamicDiscs,22:09,19K views
"600’ Sidearm at the clinic in Columbus, OH last night. My farthest (non wind aided). Star Destroyer",Scott Stokely,SHORTS,19K views
A Common Forehand Mistake Disc Golfers Make!,JustDisc,SHORTS,19K views
Team Dynamic Discs Disc Golf Clinic | A Ray | Approach Shots,DynamicDiscs,7:44,17K views
Master the Gannon Buhrs Backhand: Power & Precision Unlocked 🎯#discgolf #shorts  #europeanopen,JeqoloGy,SHORTS,27K views
Dave Feldberg Putting Clinic - 2015,GlideDiscGolf,31:41,17K views
Paul Ulibarri Disc Golf Clinic 2017 - Pt. 2 - Q&A,Infinite Discs,15:38,17K views
World Class Putting tips from Matt Bell,Paul Ulibarri,15:20,17K views
The Ultimate Disc Golf Show/ FGCU Clinic The Upshot,UDGS,9:12,16K views
Team Dynamic Discs Disc Golf Clinic | Miles Seaborn | Throwing Hyzers,DynamicDiscs,11:40,15K views
Barry Schultz Disc Golf Clinic - Golfing VS. Throwing,Chris Rucker,1:22:15,15K views
How to X-step | 1-on-1 disc golf lessons with Danny Lindahl Ep. 2,DynamicDiscs,14:15,15K views
Paige Pierce Disc Golf Clinic Clips | Putting Routine,DynamicDiscs,2:34,14K views
Dana Vicich - Disc Golf Putting Clinic,DGMIKE,13:50,14K views
Will Schusterick - Disc Golf Form CRITIQUES!,Infinite Discs,10:05,13K views
"Seven Oaks Disc Golf clinic- Nashville, TN (unedited)",Will Schusterick,28:58,13K views
The Shot You're Missing in Your Disc Golf Game | Disc Golf Upshot Throwing Technique,Robbie C Discgolf,25:08,13K views
Release Point for Lefties! | Disc Golf Clinic,Overthrow Disc Golf,SHORTS,12K views
Free Disc Golf Clinic from Drew Gibson,Jadine Hill,1:16,12K views
SULLY FOREHAND CLINIC!  How I throw my disc golf forehands,Sullivan Tipton,11:40,12K views
The Ultimate Disc Golf Show/ FGCU Clinic Freestyle From the,UDGS,6:04,11K views
Ricky Wysocki 2017 Disc Golf Clinic - Q&A Pt. 2 - Roller Tips,Infinite Discs,6:16,10K views
Beginner's Guide To Disc Golf,Kara Lee Disc Golf,11:16,10K views
Madison Walker Disc Golf Clinic - Putting,Infinite Discs,4:31,10K views
Ricky Wysocki clinic - Driving,Nick Shoe,25:06,10K views
Planting your heel in disc golf - WACO Disc Golf Clinic,Dynamic Discs Clips,5:18,9.8K views
Disc Golf Pro-Distance Workshop Part Part Two,Dinos and Disc Golf,9:10,9.7K views
Putting on a short game clinic this round #golfgirl #golfswing #golf,Sophia P Golfs,SHORTS,9.5K views
Anthony Barela Disc Golf Form Breakdown Super Slow Motion at 4000fps,Anthem Disc Golf,1:35,9.9K views
Nate Sexton and Sarah Hokom Driving Clinic - How to improve your form Q&A,Disc Golf Examiner,39:46,9.2K views
Disc Golf Pro Spotlight: Nate Sexton,Infinite Discs,3:54,9.2K views
Stop doing this! #discgolf #tutorial,Parpeque Disc Golf,SHORTS,10K views
Team Dynamic Discs Disc Golf Clinic | Robert McCall | Putting,DynamicDiscs,5:37,9.1K views
Deep in the Game Clinic - Prague 2014,proDiscgolf.cz,4:04,9.1K views
Eric Oakley Disc Golf Clinic | Technical Practice,DynamicDiscs,2:41,8.9K views
Disc Golf Clinic @ Trat Disc Golf 😊,Boi Pano,SHORTS,8.8K views
"Disc Golf Clinic with Eric McCabe, Gregg Barsby, and Denise Cameron Pt 1",DynamicDiscs,4:16,8.6K views
Every Disc Golfer Should Watch This (Full Eric Oakley Clinic),Trail Candy,39:47,8.7K views
The Ultimate Disc Golf Show/ FGCU Clinic,UDGS,1:57,8.3K views
Golf swing || Dave Feldberg Disc Golf Clinic   Biomechanics,Rosemarie H. Lapointe,31:13,8.1K views
Be a Pro - Disc Golf Training Camp ⭐,DiscmaniaGolfDiscs,0:53,8.1K views
Paige Pierce and Jeremy Koling Disc Golf Clinic Part 1: Backhand/Forehand,Team Fantasy Disc Golf,23:28,8K views
Paige Pierce Disc Golf Clinic Clips | Upshots,DynamicDiscs,2:34,7.6K views